"Date ","series ","OPEN ","HIGH ","LOW ","PREV. CLOSE ","ltp ","close ","vwap ","52W H ","52W L ","VOLUME ","VALUE ","No of trades "
"31-Dec-2009","EQ","746.25","755.00","743.80","742.75","748.80","750.25","750.05","805.00","358.00","14,26,731","1,07,01,14,991.00","-"
"30-Dec-2009","EQ","742.00","748.75","715.25","741.40","740.20","742.75","744.93","805.00","358.00","7,36,055","54,83,07,871.20","-"
"29-Dec-2009","EQ","750.00","751.80","736.65","749.30","742.50","741.40","741.73","805.00","358.00","11,28,139","83,67,79,797.00","-"
"24-Dec-2009","EQ","750.00","757.00","741.05","746.55","746.80","749.30","750.84","805.00","358.00","15,28,843","1,14,79,21,291.70","-"
"23-Dec-2009","EQ","728.45","749.50","725.55","724.05","749.45","746.55","739.46","805.00","358.00","22,35,343","1,65,29,53,695.00","-"
"22-Dec-2009","EQ","740.00","742.50","719.20","734.05","725.55","724.05","727.20","805.00","358.00","15,94,571","1,15,95,75,358.30","-"
"21-Dec-2009","EQ","730.10","749.00","726.50","727.50","735.85","734.05","739.24","805.00","358.00","46,63,497","3,44,74,39,396.35","-"
"18-Dec-2009","EQ","722.75","731.50","719.55","722.75","729.90","727.50","727.32","805.00","358.00","13,97,645","1,01,65,37,933.20","-"
"17-Dec-2009","EQ","718.00","728.00","715.00","713.15","724.90","722.75","723.57","805.00","358.00","18,91,151","1,36,83,85,494.75","-"
"16-Dec-2009","EQ","701.70","717.75","695.00","700.95","714.00","713.15","708.30","805.00","358.00","17,82,689","1,26,26,71,875.75","-"
"15-Dec-2009","EQ","708.00","712.00","697.20","705.10","698.90","700.95","706.03","805.00","358.00","10,43,576","73,68,00,026.60","-"
"14-Dec-2009","EQ","701.00","711.95","700.85","706.10","704.05","705.10","707.40","805.00","358.00","15,04,421","1,06,42,29,928.60","-"
"11-Dec-2009","EQ","707.15","714.40","700.00","705.65","703.65","706.10","707.21","805.00","358.00","13,44,156","95,05,94,993.80","-"
"10-Dec-2009","EQ","705.00","710.00","701.95","706.70","705.00","705.65","705.32","805.00","358.00","8,29,742","58,52,33,825.30","-"
"09-Dec-2009","EQ","698.00","710.90","693.20","698.30","706.15","706.70","706.12","805.00","358.00","23,54,424","1,66,25,00,402.15","-"
"08-Dec-2009","EQ","699.85","700.85","690.25","699.40","698.00","698.30","696.12","805.00","358.00","21,13,086","1,47,09,68,825.85","-"
"07-Dec-2009","EQ","698.00","705.90","695.00","695.20","695.50","699.40","700.17","805.00","358.00","11,03,826","77,28,60,577.00","-"
"04-Dec-2009","EQ","681.00","701.00","681.00","690.05","696.15","695.20","695.17","805.00","358.00","19,66,704","1,36,71,84,785.25","-"
"03-Dec-2009","EQ","687.75","695.90","679.25","684.30","690.90","690.05","689.61","805.00","358.00","14,89,353","1,02,70,69,181.65","-"
"02-Dec-2009","EQ","694.95","694.95","677.05","685.75","685.50","684.30","682.44","805.00","358.00","10,80,977","73,77,01,074.40","-"
"01-Dec-2009","EQ","703.40","703.40","680.25","688.40","687.00","685.75","686.52","805.00","358.00","16,14,982","1,10,87,19,389.65","-"
"30-Nov-2009","EQ","674.00","692.95","674.00","670.45","689.00","688.40","684.78","805.00","358.00","19,41,444","1,32,94,69,012.15","-"
"27-Nov-2009","EQ","676.55","686.40","655.00","687.90","669.00","670.45","668.52","805.00","358.00","18,84,529","1,25,98,39,323.85","-"
"26-Nov-2009","EQ","704.95","707.35","685.00","702.80","685.25","687.90","697.51","805.00","358.00","22,04,559","1,53,77,10,866.60","-"
"25-Nov-2009","EQ","699.05","711.65","692.00","699.05","702.75","702.80","703.61","805.00","358.00","19,46,627","1,36,96,75,919.00","-"
"24-Nov-2009","EQ","704.00","704.00","682.00","694.10","698.00","699.05","693.94","805.00","358.00","13,60,936","94,44,13,896.25","-"
"23-Nov-2009","EQ","695.00","700.00","686.00","693.15","694.30","694.10","693.14","805.00","358.00","12,71,737","88,14,92,772.70","-"
"20-Nov-2009","EQ","678.00","696.00","670.10","679.90","695.05","693.15","682.10","805.00","358.00","14,00,387","95,52,10,276.25","-"
"19-Nov-2009","EQ","689.90","692.40","669.50","686.90","679.70","679.90","681.66","805.00","358.00","17,32,332","1,18,08,60,349.05","-"
"18-Nov-2009","EQ","691.00","705.70","683.50","690.45","685.60","686.90","695.20","805.00","358.00","27,91,457","1,94,06,08,602.80","-"
"17-Nov-2009","EQ","668.00","692.90","659.30","665.75","689.00","690.45","682.52","805.00","358.00","26,72,165","1,82,37,95,577.75","-"
"16-Nov-2009","EQ","670.00","677.00","660.00","670.15","665.95","665.75","665.18","805.00","358.00","17,61,904","1,17,19,76,012.10","-"
"13-Nov-2009","EQ","654.95","674.90","647.55","655.35","669.75","670.15","666.88","805.00","358.00","22,98,948","1,53,31,15,171.85","-"
"12-Nov-2009","EQ","645.00","661.50","643.55","645.25","655.00","655.35","655.25","805.00","358.00","23,63,883","1,54,89,27,025.15","-"
"11-Nov-2009","EQ","627.05","647.00","618.50","626.65","645.00","645.25","639.29","805.00","358.00","20,24,706","1,29,43,65,286.40","-"
"10-Nov-2009","EQ","626.00","629.00","620.00","622.75","624.00","626.65","624.79","805.00","358.00","23,05,203","1,44,02,62,199.40","-"
"09-Nov-2009","EQ","625.00","628.00","615.00","622.15","622.05","622.75","619.46","805.00","358.00","17,16,043","1,06,30,28,063.05","-"
"06-Nov-2009","EQ","620.00","634.95","613.65","624.50","625.00","622.15","624.03","805.00","358.00","20,89,742","1,30,40,65,939.10","-"
"05-Nov-2009","EQ","630.00","630.00","605.60","625.70","624.00","624.50","616.61","805.00","358.00","13,65,651","84,20,67,294.90","-"
"04-Nov-2009","EQ","611.10","628.00","610.00","606.05","625.50","625.70","624.30","805.00","358.00","22,77,899","1,42,20,97,802.80","-"
"03-Nov-2009","EQ","636.00","636.00","601.00","628.30","604.00","606.05","615.68","805.00","358.00","13,84,144","85,21,90,397.15","-"
"30-Oct-2009","EQ","642.00","648.75","620.00","634.05","631.20","628.30","633.07","805.00","358.00","14,38,062","91,03,93,847.15","-"
"29-Oct-2009","EQ","636.00","645.50","631.20","642.85","633.25","634.05","636.34","805.00","358.00","24,41,356","1,55,35,24,717.20","-"
"28-Oct-2009","EQ","642.40","648.90","635.00","642.75","644.05","642.85","642.15","805.00","358.00","17,91,157","1,15,01,99,232.45","-"
"27-Oct-2009","EQ","657.90","657.90","634.55","644.55","642.30","642.75","645.79","805.00","358.00","19,70,440","1,27,24,93,846.95","-"
"26-Oct-2009","EQ","643.00","657.65","635.00","639.80","644.00","644.55","648.68","805.00","358.00","20,35,873","1,32,06,30,256.80","-"
"23-Oct-2009","EQ","630.10","645.90","629.60","625.85","640.05","639.80","637.97","805.00","358.00","37,47,230","2,39,06,14,167.25","-"
"22-Oct-2009","EQ","632.00","643.95","615.35","632.80","627.30","625.85","631.66","805.00","358.00","21,46,462","1,35,58,27,902.00","-"
"21-Oct-2009","EQ","620.00","639.40","618.00","621.05","634.00","632.80","633.76","805.00","358.00","28,65,819","1,81,62,33,264.35","-"
"20-Oct-2009","EQ","614.00","625.80","612.05","608.80","621.00","621.05","619.90","805.00","358.00","39,20,292","2,43,01,88,424.55","-"
"17-Oct-2009","EQ","648.70","648.70","605.00","598.30","607.50","608.80","609.13","805.00","358.00","11,58,132","70,54,52,285.90","-"
"16-Oct-2009","EQ","566.00","604.40","566.00","581.80","601.60","598.30","594.07","805.00","358.00","35,94,971","2,13,56,58,354.95","-"
"15-Oct-2009","EQ","594.00","597.90","575.00","592.95","582.70","581.80","580.39","805.00","358.00","21,16,190","1,22,82,18,070.50","-"
"14-Oct-2009","EQ","584.95","598.00","580.70","579.85","595.00","592.95","591.55","805.00","358.00","19,89,790","1,17,70,52,119.60","-"
"12-Oct-2009","EQ","567.00","584.25","563.55","561.75","581.00","579.85","577.11","805.00","358.00","25,87,110","1,49,30,47,647.40","-"
"09-Oct-2009","EQ","575.05","590.40","556.65","571.40","562.50","561.75","570.86","805.00","358.00","50,16,239","2,86,35,59,847.05","-"
"08-Oct-2009","EQ","595.00","598.75","568.50","591.70","571.05","571.40","575.75","805.00","358.00","50,81,086","2,92,54,49,145.60","-"
"07-Oct-2009","EQ","618.90","618.90","588.65","614.20","592.00","591.70","594.87","805.00","358.00","50,37,986","2,99,69,65,239.60","-"
"06-Oct-2009","EQ","624.95","628.40","605.00","615.30","609.10","614.20","617.27","805.00","358.00","37,24,027","2,29,87,48,570.20","-"
"05-Oct-2009","EQ","618.70","639.00","611.00","629.85","617.45","615.30","622.36","805.00","358.00","31,29,798","1,94,78,67,515.55","-"
"01-Oct-2009","EQ","618.00","649.90","615.05","621.00","627.15","629.85","633.03","805.00","358.00","28,43,472","1,79,99,98,574.00","-"
"30-Sep-2009","EQ","614.95","622.80","612.20","610.40","619.80","621.00","617.92","805.00","358.00","21,86,712","1,35,12,21,595.05","-"
"29-Sep-2009","EQ","594.95","614.45","591.00","587.40","610.05","610.40","608.11","805.00","358.00","35,73,062","2,17,28,23,429.45","-"
"25-Sep-2009","EQ","555.00","598.00","555.00","602.55","586.40","587.40","589.23","868.00","358.00","15,34,103","90,39,33,643.40","-"
"24-Sep-2009","EQ","588.00","609.30","582.00","590.90","597.30","602.55","596.05","868.00","358.00","34,01,674","2,02,75,74,601.30","-"
"23-Sep-2009","EQ","608.00","611.65","587.25","602.65","588.35","590.90","597.58","868.00","358.00","22,61,205","1,35,12,60,436.65","-"
"22-Sep-2009","EQ","589.95","606.00","582.25","584.00","600.60","602.65","596.53","868.00","358.00","18,81,640","1,12,24,62,737.10","-"
"18-Sep-2009","EQ","585.00","590.00","579.00","582.95","585.00","584.00","584.48","868.00","358.00","19,62,674","1,14,71,39,735.05","-"
"17-Sep-2009","EQ","575.00","588.00","573.00","570.50","581.00","582.95","581.45","868.00","358.00","26,41,610","1,53,59,57,262.15","-"
"16-Sep-2009","EQ","579.00","579.95","565.20","571.90","570.35","570.50","570.51","868.00","358.00","29,08,261","1,65,91,80,451.80","-"
"15-Sep-2009","EQ","564.00","575.70","562.00","559.10","571.50","571.90","570.13","868.00","358.00","21,54,093","1,22,81,13,788.45","-"
"14-Sep-2009","EQ","533.65","563.90","533.65","560.35","562.00","559.10","556.39","868.00","358.00","16,00,486","89,04,99,210.90","-"
"11-Sep-2009","EQ","561.00","569.00","555.50","556.55","559.70","560.35","561.11","874.40","358.00","45,65,148","2,56,15,71,419.75","-"
"10-Sep-2009","EQ","564.00","569.00","552.05","560.45","555.00","556.55","560.84","874.40","358.00","24,49,457","1,37,37,45,855.25","-"
"09-Sep-2009","EQ","556.00","564.80","543.15","554.65","560.45","560.45","553.13","874.40","358.00","37,66,093","2,08,31,48,450.75","-"
"08-Sep-2009","EQ","551.90","570.50","549.65","550.95","552.00","554.65","560.54","874.40","358.00","49,46,021","2,77,24,65,349.70","-"
"07-Sep-2009","EQ","535.80","553.55","533.60","531.90","551.50","550.95","546.06","874.40","358.00","29,62,860","1,61,79,06,165.35","-"
"04-Sep-2009","EQ","540.00","544.00","527.20","533.65","531.90","531.90","531.85","874.40","358.00","31,31,723","1,66,56,01,594.70","-"
"03-Sep-2009","EQ","539.90","544.40","530.45","534.60","533.00","533.65","537.48","874.40","358.00","38,98,372","2,09,53,10,803.20","-"
"02-Sep-2009","EQ","521.00","542.90","521.00","526.90","536.60","534.60","536.14","874.40","358.00","40,80,709","2,18,78,12,837.35","-"
"01-Sep-2009","EQ","535.00","536.35","519.10","527.05","526.60","526.90","526.47","874.40","358.00","49,31,097","2,59,60,93,718.00","-"
"31-Aug-2009","EQ","531.00","533.80","521.30","540.80","530.75","527.05","526.24","874.40","358.00","35,85,176","1,88,66,48,312.95","-"
"28-Aug-2009","EQ","545.75","550.00","531.10","547.75","540.40","540.80","538.20","874.40","358.00","22,81,568","1,22,79,36,214.35","-"
"27-Aug-2009","EQ","550.00","566.00","541.00","548.50","549.70","547.75","549.59","874.40","358.00","51,15,464","2,81,14,23,385.05","-"
"26-Aug-2009","EQ","526.70","555.00","526.55","528.30","549.50","548.50","547.85","874.40","358.00","44,26,312","2,42,49,46,796.35","-"
"25-Aug-2009","EQ","518.00","531.00","514.10","521.55","526.40","528.30","524.26","874.40","358.00","27,64,649","1,44,93,97,672.90","-"
"24-Aug-2009","EQ","515.95","525.85","513.55","509.25","521.00","521.55","519.89","874.40","358.00","21,03,602","1,09,36,46,928.10","-"
"21-Aug-2009","EQ","502.00","512.50","495.00","501.00","512.00","509.25","505.60","874.40","358.00","34,64,511","1,75,16,70,726.05","-"
"20-Aug-2009","EQ","504.90","508.40","498.10","498.05","500.00","501.00","502.33","874.40","358.00","18,30,480","91,95,06,934.25","-"
"19-Aug-2009","EQ","512.80","514.70","494.00","508.85","497.25","498.05","500.88","874.40","358.00","28,01,685","1,40,33,11,945.00","-"
"18-Aug-2009","EQ","505.00","514.85","499.50","510.15","509.70","508.85","506.79","874.40","358.00","40,74,922","2,06,51,13,729.75","-"
"17-Aug-2009","EQ","516.80","517.50","505.25","521.50","511.50","510.15","509.99","874.40","358.00","29,81,410","1,52,04,78,481.25","-"
"14-Aug-2009","EQ","530.00","530.00","518.00","526.75","522.05","521.50","522.07","874.40","358.00","25,75,907","1,34,48,05,522.95","-"
"13-Aug-2009","EQ","534.40","534.40","519.60","519.65","527.00","526.75","526.53","874.40","358.00","50,16,964","2,64,15,94,730.05","-"
"12-Aug-2009","EQ","535.00","536.00","511.00","541.90","519.50","519.65","521.06","874.40","358.00","56,63,268","2,95,08,92,928.85","-"
"11-Aug-2009","EQ","537.50","558.00","534.10","539.05","543.15","541.90","547.17","874.40","358.00","44,21,740","2,41,94,40,836.25","-"
"10-Aug-2009","EQ","515.15","551.75","514.00","509.10","536.00","539.05","537.33","874.40","358.00","53,11,988","2,85,42,88,625.65","-"
"07-Aug-2009","EQ","516.60","521.95","506.10","517.40","508.55","509.10","513.20","874.40","358.00","22,76,333","1,16,82,13,094.85","-"
"06-Aug-2009","EQ","529.00","534.40","514.20","529.00","517.00","517.40","526.81","874.40","358.00","20,89,374","1,10,07,09,674.90","-"
"05-Aug-2009","EQ","529.50","536.95","507.55","530.15","530.00","529.00","529.74","874.40","358.00","32,12,005","1,70,15,36,671.25","-"
"04-Aug-2009","EQ","520.50","541.20","520.50","531.65","530.50","530.15","532.50","874.40","358.00","27,40,646","1,45,93,80,559.10","-"
"03-Aug-2009","EQ","530.00","534.85","521.10","525.95","534.10","531.65","528.70","874.40","358.00","17,60,274","93,06,62,524.25","-"
"31-Jul-2009","EQ","539.00","540.00","521.40","533.10","524.70","525.95","532.24","874.40","358.00","28,17,483","1,49,95,81,385.55","-"
"30-Jul-2009","EQ","505.25","545.00","490.25","499.80","533.80","533.10","522.95","874.40","358.00","78,36,241","4,09,79,40,854.10","-"
"29-Jul-2009","EQ","480.00","504.70","475.00","480.65","499.50","499.80","491.27","874.40","358.00","55,36,075","2,71,97,11,998.00","-"
"28-Jul-2009","EQ","484.35","484.95","471.30","480.30","481.50","480.65","478.27","874.40","358.00","31,67,492","1,51,49,12,149.55","-"
"27-Jul-2009","EQ","482.00","488.95","477.10","482.00","479.00","480.30","483.16","874.40","358.00","23,26,169","1,12,39,04,043.30","-"
"24-Jul-2009","EQ","490.00","490.00","476.00","475.65","484.55","482.00","480.63","874.50","358.00","39,54,661","1,90,07,16,873.55","-"
"23-Jul-2009","EQ","471.00","482.90","470.00","466.30","475.85","475.65","476.59","874.50","358.00","38,31,339","1,82,59,76,718.30","-"
"22-Jul-2009","EQ","483.70","485.00","452.30","477.60","465.75","466.30","470.69","874.50","358.00","53,37,345","2,51,22,43,899.20","-"
"21-Jul-2009","EQ","503.00","513.15","474.05","500.55","474.95","477.60","484.43","874.50","358.00","65,02,910","3,15,02,20,165.30","-"
"20-Jul-2009","EQ","445.00","514.90","445.00","434.10","500.60","500.55","495.38","874.50","358.00","1,72,69,768","8,55,51,75,101.75","-"
"17-Jul-2009","EQ","421.40","445.75","421.00","419.80","433.30","434.10","435.50","874.50","358.00","45,47,478","1,98,04,38,639.85","-"
"16-Jul-2009","EQ","428.00","434.80","413.20","423.15","423.00","419.80","419.09","874.50","358.00","37,98,438","1,59,18,87,556.50","-"
"15-Jul-2009","EQ","410.90","427.30","410.00","406.95","423.30","423.15","416.27","874.50","358.00","22,35,047","93,03,74,956.90","-"
"14-Jul-2009","EQ","405.00","411.10","400.40","397.50","408.75","406.95","406.28","874.50","358.00","22,32,068","90,68,40,734.30","-"
"13-Jul-2009","EQ","390.00","401.00","388.25","395.15","398.15","397.50","396.02","874.50","358.00","25,59,916","1,01,37,86,242.80","-"
"10-Jul-2009","EQ","391.00","401.45","390.00","388.15","395.00","395.15","397.12","943.00","358.00","37,34,374","1,48,29,84,198.65","-"
"09-Jul-2009","EQ","382.10","391.10","371.00","381.15","388.00","388.15","384.93","943.00","358.00","19,82,404","76,30,79,930.35","-"
"08-Jul-2009","EQ","388.70","388.90","368.25","389.15","380.00","381.15","378.12","943.00","358.00","33,47,383","1,26,57,16,815.00","-"
"07-Jul-2009","EQ","384.00","393.25","380.00","380.70","387.55","389.15","386.64","943.00","358.00","19,02,284","73,54,94,819.65","-"
"06-Jul-2009","EQ","397.00","398.45","378.35","390.95","382.15","380.70","385.33","943.00","358.00","22,44,458","86,48,49,945.05","-"
"03-Jul-2009","EQ","385.00","392.40","385.00","390.00","390.95","390.95","389.15","943.00","358.00","14,59,922","56,81,30,312.30","-"
"02-Jul-2009","EQ","390.00","395.30","381.20","392.95","389.00","390.00","386.84","943.00","358.00","18,57,714","71,86,37,468.30","-"
"01-Jul-2009","EQ","387.10","395.00","382.45","389.85","393.45","392.95","389.79","943.00","358.00","18,42,369","71,81,39,964.55","-"
"30-Jun-2009","EQ","387.50","398.00","383.15","386.20","390.50","389.85","391.77","943.00","358.00","29,61,974","1,16,03,98,024.45","-"
"29-Jun-2009","EQ","399.85","402.00","383.35","397.40","385.00","386.20","390.74","943.00","358.00","23,72,603","92,70,59,145.90","-"
"26-Jun-2009","EQ","382.50","404.40","376.55","380.50","395.80","397.40","388.67","943.00","358.00","30,49,850","1,18,53,91,807.20","-"
"25-Jun-2009","EQ","382.00","392.00","370.30","381.75","381.00","380.50","383.69","943.00","358.00","48,47,331","1,85,98,61,089.10","-"
"24-Jun-2009","EQ","372.95","388.50","360.20","366.65","382.00","381.75","374.69","943.00","358.00","36,51,977","1,36,83,70,894.65","-"
"23-Jun-2009","EQ","360.00","377.75","358.00","369.65","365.70","366.65","368.40","943.00","358.00","25,67,847","94,59,89,019.25","-"
"22-Jun-2009","EQ","384.40","387.80","368.00","379.80","369.00","369.65","377.74","943.00","368.00","20,53,104","77,55,45,725.30","-"
"19-Jun-2009","EQ","377.00","392.00","375.00","376.40","375.95","379.80","383.86","943.00","371.20","38,63,866","1,48,31,78,471.65","-"
"18-Jun-2009","EQ","378.00","393.00","372.05","378.75","377.00","376.40","381.23","943.00","371.20","23,76,554","90,60,19,850.75","-"
"17-Jun-2009","EQ","392.00","395.00","375.00","389.15","379.15","378.75","381.28","943.00","371.20","18,70,784","71,32,90,509.40","-"
"16-Jun-2009","EQ","383.30","393.50","371.20","778.00","391.95","389.15","385.83","943.00","371.20","21,72,003","83,80,24,110.20","-"
"15-Jun-2009","EQ","764.70","785.00","755.00","764.55","778.00","778.00","774.10","943.00","415.35","16,48,967","1,27,64,57,665.10","-"
"12-Jun-2009","EQ","785.00","794.80","761.20","775.10","767.65","764.55","776.69","964.90","415.35","15,89,665","1,23,46,78,284.40","-"
"11-Jun-2009","EQ","788.00","792.45","770.00","781.80","775.50","775.10","778.14","964.90","415.35","9,70,800","75,54,20,272.15","-"
"10-Jun-2009","EQ","785.00","805.00","767.25","782.15","785.00","781.80","787.83","964.90","415.35","23,45,949","1,84,82,17,222.35","-"
"09-Jun-2009","EQ","731.10","795.00","731.10","742.10","780.00","782.15","771.33","964.90","415.35","24,22,677","1,86,86,78,184.40","-"
"08-Jun-2009","EQ","724.70","749.75","720.00","721.35","736.00","742.10","732.95","964.90","415.35","23,16,956","1,69,82,02,803.30","-"
"05-Jun-2009","EQ","709.00","728.70","696.35","707.20","717.00","721.35","712.48","1,057.40","415.35","33,05,033","2,35,47,85,773.50","-"
"04-Jun-2009","EQ","687.00","709.00","686.35","696.85","708.05","707.20","702.54","1,057.40","415.35","17,55,176","1,23,30,78,835.10","-"
"03-Jun-2009","EQ","690.00","704.75","683.10","694.75","698.50","696.85","692.95","1,057.40","415.35","9,78,736","67,82,15,042.30","-"
"02-Jun-2009","EQ","700.00","710.00","690.00","697.65","692.35","694.75","699.96","1,057.40","415.35","10,29,543","72,06,34,010.20","-"
"01-Jun-2009","EQ","673.35","709.85","673.35","704.60","702.45","697.65","697.96","1,057.40","415.35","19,76,451","1,37,94,87,221.25","-"
"29-May-2009","EQ","668.75","710.00","652.65","663.20","697.35","704.60","693.62","1,057.40","415.35","34,67,806","2,40,53,35,754.25","-"
"28-May-2009","EQ","623.40","673.90","623.40","648.55","654.30","663.20","660.90","1,057.40","415.35","42,15,919","2,78,62,84,090.85","-"
"27-May-2009","EQ","630.80","652.00","630.80","624.45","645.00","648.55","641.40","1,057.40","415.35","23,05,717","1,47,88,77,166.10","-"
"26-May-2009","EQ","634.95","639.65","620.50","631.35","621.15","624.45","630.31","1,057.40","415.35","15,14,725","95,47,43,122.15","-"
"25-May-2009","EQ","636.00","644.00","622.65","634.05","632.10","631.35","632.70","1,057.40","415.35","14,18,411","89,74,23,216.60","-"
"22-May-2009","EQ","630.00","645.00","630.00","647.45","633.90","634.05","635.74","1,057.40","415.35","14,65,364","93,15,95,997.75","-"
"21-May-2009","EQ","670.00","685.00","644.00","676.65","649.00","647.45","665.78","1,057.40","415.35","11,14,831","74,22,33,707.15","-"
"20-May-2009","EQ","670.00","701.95","663.00","669.75","680.80","676.65","683.01","1,057.40","415.35","21,26,916","1,45,27,05,322.55","-"
"19-May-2009","EQ","750.00","750.00","655.60","743.85","667.00","669.75","682.53","1,057.40","415.35","32,53,894","2,22,08,94,775.65","-"
"18-May-2009","EQ","766.60","791.60","695.00","644.05","740.00","743.85","746.93","1,057.40","415.35","18,345","1,37,02,367.10","-"
"15-May-2009","EQ","624.00","654.85","624.00","619.80","649.00","644.05","643.95","1,057.40","415.35","27,35,618","1,76,16,11,094.70","-"
"14-May-2009","EQ","618.00","627.00","605.30","621.70","620.05","619.80","619.42","1,057.40","415.35","23,60,794","1,46,23,25,695.50","-"
"13-May-2009","EQ","642.00","644.90","615.00","641.10","625.00","621.70","628.68","1,057.40","415.35","18,31,200","1,15,12,43,276.35","-"
"12-May-2009","EQ","610.00","645.80","610.00","615.25","641.90","641.10","626.31","1,057.40","415.35","23,71,863","1,48,55,29,655.00","-"
"11-May-2009","EQ","638.50","639.65","609.00","630.95","611.00","615.25","623.10","1,057.40","415.35","13,24,653","82,53,92,049.70","-"
"08-May-2009","EQ","628.00","642.00","618.50","631.70","630.20","630.95","630.08","1,057.40","415.35","22,50,438","1,41,79,66,504.05","-"
"07-May-2009","EQ","636.00","645.00","619.30","635.35","628.05","631.70","631.27","1,057.40","415.35","19,34,716","1,22,13,29,641.15","-"
"06-May-2009","EQ","638.25","649.70","615.00","651.00","633.15","635.35","618.92","1,057.40","415.35","1,31,30,524","8,12,67,28,010.40","-"
"05-May-2009","EQ","669.00","674.95","636.10","666.40","649.05","651.00","650.10","1,057.40","415.35","22,05,579","1,43,38,51,807.05","-"
"04-May-2009","EQ","631.00","699.60","630.15","623.60","658.00","666.40","672.80","1,057.40","415.35","27,85,734","1,87,42,55,394.20","-"
"29-Apr-2009","EQ","602.00","629.00","602.00","598.50","622.10","623.60","616.46","1,057.40","415.35","26,32,823","1,62,30,17,086.45","-"
"28-Apr-2009","EQ","599.10","607.85","576.35","601.90","599.50","598.50","598.51","1,057.40","415.35","20,97,173","1,25,51,79,773.75","-"
"27-Apr-2009","EQ","583.85","608.80","572.50","583.90","603.10","601.90","593.80","1,057.40","415.35","20,35,281","1,20,85,59,961.80","-"
"24-Apr-2009","EQ","559.95","587.00","559.95","568.10","584.75","583.90","575.89","1,057.40","415.35","13,44,381","77,42,11,837.25","-"
"23-Apr-2009","EQ","549.50","572.85","545.20","542.95","570.20","568.10","559.92","1,057.40","415.35","18,43,428","1,03,21,76,287.00","-"
"22-Apr-2009","EQ","560.00","564.60","537.15","550.75","545.60","542.95","547.88","1,057.40","415.35","16,46,231","90,19,30,882.85","-"
"21-Apr-2009","EQ","579.60","588.50","545.00","561.40","545.90","550.75","559.55","1,057.40","415.35","28,72,245","1,60,71,62,489.40","-"
"20-Apr-2009","EQ","552.75","581.80","552.75","573.10","559.85","561.40","566.66","1,057.40","415.35","13,32,550","75,51,01,399.95","-"
"17-Apr-2009","EQ","576.80","599.50","565.10","572.05","571.95","573.10","583.69","1,057.40","415.35","16,66,006","97,24,24,660.95","-"
"16-Apr-2009","EQ","580.00","589.00","567.20","577.70","571.00","572.05","576.46","1,057.40","415.35","22,17,241","1,27,81,46,686.75","-"
"15-Apr-2009","EQ","551.55","581.80","550.05","592.25","580.00","577.70","570.49","1,057.40","415.35","24,41,809","1,39,30,33,938.10","-"
"13-Apr-2009","EQ","604.50","609.00","575.20","602.55","592.00","592.25","590.71","1,057.40","415.35","10,30,252","60,85,77,844.55","-"
"09-Apr-2009","EQ","612.00","619.90","594.25","604.15","606.00","602.55","605.85","1,057.40","415.35","16,46,681","99,76,45,261.15","-"
"08-Apr-2009","EQ","585.10","613.70","561.00","579.55","600.10","604.15","582.93","1,057.40","415.35","25,48,378","1,48,55,36,133.15","-"
"06-Apr-2009","EQ","584.80","594.00","575.70","578.75","583.00","579.55","582.96","1,057.40","415.35","13,53,645","78,91,23,800.00","-"
"02-Apr-2009","EQ","545.65","587.00","545.65","544.50","573.00","578.75","576.81","1,057.40","415.35","21,25,941","1,22,62,56,558.15","-"
"01-Apr-2009","EQ","536.00","553.80","520.50","538.55","544.00","544.50","539.37","1,057.40","415.35","16,81,142","90,67,57,161.15","-"
"31-Mar-2009","EQ","525.00","543.90","525.00","523.25","535.00","538.55","535.46","1,057.40","415.35","11,94,418","63,95,60,277.30","-"
"30-Mar-2009","EQ","533.75","570.00","518.00","574.85","525.05","523.25","533.48","1,057.40","415.35","12,87,047","68,66,08,295.30","-"
"27-Mar-2009","EQ","536.65","585.00","536.65","558.45","574.45","574.85","559.33","1,057.40","415.35","17,69,856","98,99,33,429.95","-"
"26-Mar-2009","EQ","512.65","577.95","512.65","526.00","550.00","558.45","553.04","1,057.40","415.35","38,07,582","2,10,57,26,278.50","-"
"25-Mar-2009","EQ","503.65","529.90","503.65","521.65","526.10","526.00","524.95","1,057.40","415.35","9,57,904","50,28,55,916.00","-"
"24-Mar-2009","EQ","522.20","532.50","512.20","519.65","515.85","521.65","526.11","1,057.40","415.35","16,70,386","87,88,08,361.90","-"
"23-Mar-2009","EQ","524.50","529.60","511.00","509.80","519.80","519.65","521.82","1,057.40","415.35","11,46,828","59,84,37,982.90","-"
"20-Mar-2009","EQ","528.90","528.90","505.50","514.95","510.30","509.80","510.78","1,057.40","415.35","10,34,845","52,85,76,869.45","-"
"19-Mar-2009","EQ","505.50","518.00","501.60","505.15","516.00","514.95","513.76","1,057.40","415.35","18,45,646","94,82,20,575.15","-"
"18-Mar-2009","EQ","500.00","514.50","500.00","497.55","502.00","505.15","509.62","1,057.40","415.35","16,03,450","81,71,45,397.15","-"
"17-Mar-2009","EQ","515.00","518.00","493.05","519.80","495.00","497.55","502.00","1,057.40","415.35","17,36,543","87,17,37,738.40","-"
"16-Mar-2009","EQ","510.00","522.80","502.40","506.85","517.00","519.80","511.41","1,057.40","415.35","11,68,224","59,74,37,442.15","-"
"13-Mar-2009","EQ","473.35","510.00","473.35","477.40","507.25","506.85","495.59","1,057.40","415.35","25,49,925","1,26,37,23,142.75","-"
"12-Mar-2009","EQ","461.65","485.00","461.65","463.00","471.55","477.40","474.33","1,057.40","415.35","21,54,364","1,02,18,73,905.50","-"
"09-Mar-2009","EQ","471.10","480.00","459.00","481.70","461.10","463.00","464.47","1,057.40","415.35","11,33,796","52,66,19,107.35","-"
"06-Mar-2009","EQ","460.00","484.85","457.65","463.20","480.00","481.70","473.50","1,057.40","415.35","14,51,401","68,72,36,365.65","-"
"05-Mar-2009","EQ","464.95","470.90","458.00","460.55","463.00","463.20","465.00","1,057.40","415.35","10,71,124","49,80,77,624.05","-"
"04-Mar-2009","EQ","448.00","464.45","446.20","446.20","462.40","460.55","456.31","1,057.40","415.35","8,14,575","37,16,95,838.75","-"
"03-Mar-2009","EQ","452.00","466.00","439.35","459.85","446.00","446.20","452.68","1,057.40","415.35","8,90,224","40,29,82,334.20","-"
"02-Mar-2009","EQ","474.10","482.00","454.80","483.10","455.70","459.85","464.64","1,057.40","415.35","9,97,236","46,33,59,352.40","-"
"27-Feb-2009","EQ","482.00","489.00","455.25","482.20","484.05","483.10","468.43","1,057.40","415.35","16,87,537","79,04,91,405.60","-"
"26-Feb-2009","EQ","481.00","490.60","477.00","480.75","486.00","482.20","483.46","1,057.40","415.35","22,02,072","1,06,46,07,679.80","-"
"25-Feb-2009","EQ","470.00","484.80","470.00","468.90","483.00","480.75","476.96","1,057.40","415.35","13,79,482","65,79,55,423.25","-"
"24-Feb-2009","EQ","470.00","475.70","460.50","474.05","467.20","468.90","468.62","1,057.40","415.35","11,23,883","52,66,77,536.40","-"
"20-Feb-2009","EQ","486.50","487.50","464.30","489.50","476.30","474.05","473.54","1,057.40","415.35","11,92,847","56,48,56,131.30","-"
"19-Feb-2009","EQ","482.00","492.80","479.00","480.75","489.90","489.50","485.52","1,057.40","415.35","8,69,268","42,20,45,267.40","-"
"18-Feb-2009","EQ","481.35","490.90","477.00","485.25","480.75","480.75","484.48","1,057.40","415.35","6,57,353","31,84,74,491.15","-"
"17-Feb-2009","EQ","496.00","499.80","480.00","500.75","486.50","485.25","486.03","1,057.40","415.35","7,37,597","35,84,94,636.30","-"
"16-Feb-2009","EQ","507.60","514.95","498.00","511.20","499.00","500.75","504.67","1,057.40","415.35","6,25,499","31,56,71,633.50","-"
"13-Feb-2009","EQ","510.00","520.00","507.00","509.90","512.50","511.20","512.22","1,057.40","415.35","8,14,302","41,71,02,853.50","-"
"12-Feb-2009","EQ","512.00","515.70","504.10","514.75","511.70","509.90","509.45","1,057.40","415.35","7,11,093","36,22,67,076.90","-"
"11-Feb-2009","EQ","518.00","523.00","512.00","524.60","515.00","514.75","515.30","1,057.40","415.35","11,25,683","58,00,69,558.90","-"
"10-Feb-2009","EQ","517.00","528.00","511.00","515.00","526.50","524.60","518.92","1,057.40","415.35","16,97,693","88,09,75,297.90","-"
"09-Feb-2009","EQ","500.00","523.65","496.65","502.80","520.60","515.00","506.32","1,057.40","415.35","11,48,806","58,16,62,615.95","-"
"06-Feb-2009","EQ","490.00","507.90","487.00","482.90","504.05","502.80","501.48","1,057.40","415.35","17,10,097","85,75,85,365.40","-"
"05-Feb-2009","EQ","500.00","502.60","478.25","498.65","481.60","482.90","485.77","1,057.40","415.35","10,85,387","52,72,49,235.25","-"
"04-Feb-2009","EQ","503.00","512.90","493.00","499.85","498.30","498.65","505.30","1,057.40","415.35","6,21,189","31,38,87,818.80","-"
"03-Feb-2009","EQ","493.00","509.80","493.00","491.30","499.40","499.85","501.46","1,057.40","415.35","9,52,140","47,74,59,536.80","-"
"02-Feb-2009","EQ","508.80","508.80","487.15","511.60","493.00","491.30","494.38","1,057.40","415.35","8,08,673","39,97,89,369.95","-"
"30-Jan-2009","EQ","505.00","515.00","498.30","509.40","510.00","511.60","506.20","1,057.40","415.35","21,76,881","1,10,19,46,180.80","-"
"29-Jan-2009","EQ","512.05","518.00","496.10","507.45","514.00","509.40","507.16","1,057.40","415.35","25,04,259","1,27,00,57,522.55","-"
"28-Jan-2009","EQ","475.20","510.00","475.20","499.10","506.85","507.45","504.65","1,057.40","415.35","11,97,349","60,42,42,965.45","-"
"27-Jan-2009","EQ","491.00","515.00","491.00","486.15","498.25","499.10","503.87","1,057.40","415.35","13,10,989","66,05,63,414.40","-"
"23-Jan-2009","EQ","490.10","498.90","483.30","496.60","487.00","486.15","488.03","1,057.40","415.35","7,57,805","36,98,33,239.70","-"
"22-Jan-2009","EQ","495.00","504.05","483.15","492.30","495.90","496.60","495.31","1,057.40","415.35","12,12,034","60,03,34,911.65","-"
"21-Jan-2009","EQ","491.00","501.00","485.00","496.45","488.10","492.30","494.93","1,057.40","415.35","9,17,465","45,40,77,257.10","-"
"20-Jan-2009","EQ","494.70","507.90","490.00","500.75","495.50","496.45","500.48","1,057.40","415.35","11,58,799","57,99,59,756.60","-"
"19-Jan-2009","EQ","517.90","517.90","487.30","503.00","499.90","500.75","495.55","1,057.40","415.35","17,17,094","85,08,97,921.80","-"
"16-Jan-2009","EQ","508.70","519.00","486.50","510.45","502.75","503.00","503.54","1,057.40","415.35","24,47,519","1,23,24,25,889.05","-"
"15-Jan-2009","EQ","520.00","523.00","498.35","538.95","510.00","510.45","510.48","1,057.40","415.35","17,92,881","91,52,37,426.25","-"
"14-Jan-2009","EQ","528.00","557.60","528.00","525.65","533.00","538.95","545.57","1,057.40","415.35","14,89,726","81,27,49,463.90","-"
"13-Jan-2009","EQ","499.60","537.00","488.20","512.55","528.00","525.65","522.37","1,057.40","415.35","33,39,952","1,74,46,77,537.95","-"
"12-Jan-2009","EQ","511.65","530.00","505.10","536.95","507.10","512.55","513.36","1,057.40","415.35","18,98,854","97,48,04,437.10","-"
"09-Jan-2009","EQ","499.90","549.80","485.00","504.80","537.00","536.95","533.16","1,057.40","415.35","35,54,995","1,89,53,96,053.05","-"
"07-Jan-2009","EQ","519.00","519.80","464.60","506.40","505.00","504.80","496.75","1,057.40","415.35","22,53,457","1,11,93,95,908.55","-"
"06-Jan-2009","EQ","515.00","522.00","498.25","515.25","501.80","506.40","508.23","1,057.40","415.35","14,79,748","75,20,49,966.70","-"
"05-Jan-2009","EQ","502.00","523.00","498.00","498.30","520.00","515.25","509.16","1,057.40","415.35","12,07,444","61,47,85,550.05","-"
"02-Jan-2009","EQ","497.05","508.70","494.15","496.85","498.00","498.30","501.19","1,096.05","415.35","13,43,935","67,35,68,356.70","-"
"01-Jan-2009","EQ","480.00","498.85","477.15","477.90","496.90","496.85","487.68","1,096.05","415.35","6,09,108","29,70,49,937.60","-"